trial_id,variable,level,group,n_group,count,reported_percent,computed_percent,abs_percent_delta,flag_percent_delta_0_2,reported_p,decimals
pronto_lrm_2026_s2213260025004333,Ethnicity,White,pct,2738,2314,84.5,84.51424397370343,0.0142439737034294,FALSE,NA,0
pronto_lrm_2026_s2213260025004333,Ethnicity,White,usual_care,2715,2314,85.2,85.23020257826887,0.0302025782688701,FALSE,NA,0
pronto_lrm_2026_s2213260025004333,Ethnicity,White English/Welsh/Scottish/Northern Irish/British,pct,2738,2258,82.5,82.46895544192841,0.031044558071585,FALSE,NA,0
pronto_lrm_2026_s2213260025004333,Ethnicity,White English/Welsh/Scottish/Northern Irish/British,usual_care,2715,2252,82.9,82.94659300184162,0.0465930018416145,FALSE,NA,0
pronto_lrm_2026_s2213260025004333,Ethnicity,White Irish,pct,2738,10,0.4,0.3652300949598246,0.0347699050401753,FALSE,NA,0
pronto_lrm_2026_s2213260025004333,Ethnicity,White Irish,usual_care,2715,15,0.6,0.5524861878453039,0.047513812154696,FALSE,NA,0
pronto_lrm_2026_s2213260025004333,Ethnicity,Gypsy or Irish Traveller,pct,2738,0,0,0,0,FALSE,NA,0
pronto_lrm_2026_s2213260025004333,Ethnicity,Gypsy or Irish Traveller,usual_care,2715,1,0,0.0368324125230202,0.0368324125230202,FALSE,NA,0
pronto_lrm_2026_s2213260025004333,Ethnicity,Any other White background,pct,2738,46,1.7,1.6800584368151936,0.0199415631848063,FALSE,NA,0
pronto_lrm_2026_s2213260025004333,Ethnicity,Any other White background,usual_care,2715,46,1.7,1.6942909760589318,0.0057090239410682,FALSE,NA,0
pronto_lrm_2026_s2213260025004333,Ethnicity,Mixed,pct,2738,17,0.6,0.620891161431702,0.020891161431702,FALSE,NA,0
pronto_lrm_2026_s2213260025004333,Ethnicity,Mixed,usual_care,2715,17,0.6,0.6261510128913443,0.0261510128913443,FALSE,NA,0
pronto_lrm_2026_s2213260025004333,Ethnicity,White and Black Caribbean,pct,2738,3,0.1,0.1095690284879474,0.0095690284879473,FALSE,NA,0
pronto_lrm_2026_s2213260025004333,Ethnicity,White and Black Caribbean,usual_care,2715,5,0.2,0.1841620626151013,0.0158379373848987,FALSE,NA,0
pronto_lrm_2026_s2213260025004333,Ethnicity,White and Black African,pct,2738,4,0.1,0.1460920379839298,0.0460920379839298,FALSE,NA,0
pronto_lrm_2026_s2213260025004333,Ethnicity,White and Black African,usual_care,2715,3,0.1,0.1104972375690607,0.0104972375690607,FALSE,NA,0
pronto_lrm_2026_s2213260025004333,Ethnicity,White and Asian,pct,2738,3,0.1,0.1095690284879474,0.0095690284879473,FALSE,NA,0
pronto_lrm_2026_s2213260025004333,Ethnicity,White and Asian,usual_care,2715,2,0.1,0.0736648250460405,0.0263351749539594,FALSE,NA,0
pronto_lrm_2026_s2213260025004333,Ethnicity,Any other mixed/multiple ethnic background,pct,2738,7,0.3,0.2556610664718773,0.0443389335281226,FALSE,NA,0
pronto_lrm_2026_s2213260025004333,Ethnicity,Any other mixed/multiple ethnic background,usual_care,2715,7,0.3,0.2578268876611418,0.0421731123388581,FALSE,NA,0
pronto_lrm_2026_s2213260025004333,Ethnicity,Asian,pct,2738,64,2.3,2.337472607742878,0.0374726077428779,FALSE,NA,0
pronto_lrm_2026_s2213260025004333,Ethnicity,Asian,usual_care,2715,45,1.7,1.6574585635359116,0.0425414364640883,FALSE,NA,0
pronto_lrm_2026_s2213260025004333,Ethnicity,Indian,pct,2738,19,0.7,0.6939371804236669,0.006062819576333,FALSE,NA,0
pronto_lrm_2026_s2213260025004333,Ethnicity,Indian,usual_care,2715,13,0.5,0.4788213627992633,0.0211786372007366,FALSE,NA,0
pronto_lrm_2026_s2213260025004333,Ethnicity,Pakistani,pct,2738,20,0.7,0.7304601899196493,0.0304601899196493,FALSE,NA,0
pronto_lrm_2026_s2213260025004333,Ethnicity,Pakistani,usual_care,2715,14,0.5,0.5156537753222836,0.0156537753222836,FALSE,NA,0
pronto_lrm_2026_s2213260025004333,Ethnicity,Bangladeshi,pct,2738,4,0.1,0.1460920379839298,0.0460920379839298,FALSE,NA,0
pronto_lrm_2026_s2213260025004333,Ethnicity,Bangladeshi,usual_care,2715,4,0.1,0.147329650092081,0.047329650092081,FALSE,NA,0
pronto_lrm_2026_s2213260025004333,Ethnicity,Chinese,pct,2738,6,0.2,0.2191380569758948,0.0191380569758947,FALSE,NA,0
pronto_lrm_2026_s2213260025004333,Ethnicity,Chinese,usual_care,2715,4,0.1,0.147329650092081,0.047329650092081,FALSE,NA,0
pronto_lrm_2026_s2213260025004333,Ethnicity,Any other Asian background,pct,2738,15,0.5,0.547845142439737,0.047845142439737,FALSE,NA,0
pronto_lrm_2026_s2213260025004333,Ethnicity,Any other Asian background,usual_care,2715,10,0.4,0.3683241252302026,0.0316758747697974,FALSE,NA,0
pronto_lrm_2026_s2213260025004333,Ethnicity,Black,pct,2738,27,1,0.9861212563915268,0.0138787436084732,FALSE,NA,0
pronto_lrm_2026_s2213260025004333,Ethnicity,Black,usual_care,2715,23,0.8,0.8471454880294659,0.0471454880294658,FALSE,NA,0
pronto_lrm_2026_s2213260025004333,Ethnicity,African,pct,2738,14,0.5,0.5113221329437546,0.0113221329437546,FALSE,NA,0
pronto_lrm_2026_s2213260025004333,Ethnicity,African,usual_care,2715,13,0.5,0.4788213627992633,0.0211786372007366,FALSE,NA,0
pronto_lrm_2026_s2213260025004333,Ethnicity,Caribbean,pct,2738,4,0.1,0.1460920379839298,0.0460920379839298,FALSE,NA,0
pronto_lrm_2026_s2213260025004333,Ethnicity,Caribbean,usual_care,2715,1,0,0.0368324125230202,0.0368324125230202,FALSE,NA,0
pronto_lrm_2026_s2213260025004333,Ethnicity,Any other Black/African/Caribbean background,pct,2738,9,0.3,0.3287070854638422,0.0287070854638422,FALSE,NA,0
pronto_lrm_2026_s2213260025004333,Ethnicity,Any other Black/African/Caribbean background,usual_care,2715,9,0.3,0.3314917127071823,0.0314917127071823,FALSE,NA,0
pronto_lrm_2026_s2213260025004333,Ethnicity,Other,pct,2738,36,1.3,1.3148283418553688,0.0148283418553687,FALSE,NA,0
pronto_lrm_2026_s2213260025004333,Ethnicity,Other,usual_care,2715,28,1,1.0313075506445673,0.0313075506445672,FALSE,NA,0
pronto_lrm_2026_s2213260025004333,Ethnicity,Arab,pct,2738,5,0.2,0.1826150474799123,0.0173849525200876,FALSE,NA,0
pronto_lrm_2026_s2213260025004333,Ethnicity,Arab,usual_care,2715,0,0,0,0,FALSE,NA,0
pronto_lrm_2026_s2213260025004333,Ethnicity,Any other ethnic group,pct,2738,31,1.1,1.1322132943754566,0.0322132943754565,FALSE,NA,0
pronto_lrm_2026_s2213260025004333,Ethnicity,Any other ethnic group,usual_care,2715,28,1,1.0313075506445673,0.0313075506445672,FALSE,NA,0
pronto_lrm_2026_s2213260025004333,Ethnicity,Missing/not declared,pct,2738,280,10.2,10.226442658875092,0.0264426588750925,FALSE,NA,0
pronto_lrm_2026_s2213260025004333,Ethnicity,Missing/not declared,usual_care,2715,288,10.6,10.607734806629834,0.0077348066298341,FALSE,NA,0
pronto_lrm_2026_s2213260025004333,Number of Listed Comorbidities,0,pct,2738,547,20,19.97808619430241,0.02191380569759,FALSE,NA,0
pronto_lrm_2026_s2213260025004333,Number of Listed Comorbidities,0,usual_care,2715,512,18.9,18.858195211786377,0.0418047882136249,FALSE,NA,0
pronto_lrm_2026_s2213260025004333,Number of Listed Comorbidities,1,pct,2738,559,20.4,20.4163623082542,0.0163623082542017,FALSE,NA,0
pronto_lrm_2026_s2213260025004333,Number of Listed Comorbidities,1,usual_care,2715,563,20.7,20.736648250460405,0.0366482504604057,FALSE,NA,0
pronto_lrm_2026_s2213260025004333,Number of Listed Comorbidities,2+,pct,2738,1592,58.1,58.14463111760409,0.0446311176040907,FALSE,NA,0
pronto_lrm_2026_s2213260025004333,Number of Listed Comorbidities,2+,usual_care,2715,1611,59.3,59.33701657458563,0.0370165745856354,FALSE,NA,0
pronto_lrm_2026_s2213260025004333,Number of Listed Comorbidities,Missing,pct,2738,40,1.5,1.460920379839299,0.0390796201607013,FALSE,NA,0
pronto_lrm_2026_s2213260025004333,Number of Listed Comorbidities,Missing,usual_care,2715,29,1.1,1.0681399631675874,0.0318600368324126,FALSE,NA,0
pronto_lrm_2026_s2213260025004333,Comorbidities,Diabetes Mellitus,pct,2738,623,22.8,22.75383491599708,0.0461650840029221,FALSE,NA,0
pronto_lrm_2026_s2213260025004333,Comorbidities,Diabetes Mellitus,usual_care,2715,651,24,23.977900552486187,0.0220994475138134,FALSE,NA,0
pronto_lrm_2026_s2213260025004333,Comorbidities,COPD,pct,2738,624,22.8,22.790357925493065,0.0096420745069387,FALSE,NA,0
pronto_lrm_2026_s2213260025004333,Comorbidities,COPD,usual_care,2715,615,22.7,22.65193370165746,0.0480662983425403,FALSE,NA,0
pronto_lrm_2026_s2213260025004333,Comorbidities,Heart Failure,pct,2738,338,12.3,12.344777209642077,0.0447772096420742,FALSE,NA,0
pronto_lrm_2026_s2213260025004333,Comorbidities,Heart Failure,usual_care,2715,378,13.9,13.922651933701658,0.0226519337016579,FALSE,NA,0
pronto_lrm_2026_s2213260025004333,Comorbidities,Moderate to severe CKD (Grade III or above),pct,2738,371,13.6,13.550036523009496,0.0499634769905039,FALSE,NA,0
pronto_lrm_2026_s2213260025004333,Comorbidities,Moderate to severe CKD (Grade III or above),usual_care,2715,372,13.7,13.701657458563536,0.0016574585635371,FALSE,NA,0
pronto_lrm_2026_s2213260025004333,Comorbidities,Ischaemic Heart Disease,pct,2738,287,10.5,10.482103725346969,0.0178962746530313,FALSE,NA,0
pronto_lrm_2026_s2213260025004333,Comorbidities,Ischaemic Heart Disease,usual_care,2715,314,11.6,11.56537753222836,0.0346224677716389,FALSE,NA,0
pronto_lrm_2026_s2213260025004333,Comorbidities,Stroke or TIA,pct,2738,282,10.3,10.299488677867055,5.113221329438e-4,FALSE,NA,0
pronto_lrm_2026_s2213260025004333,Comorbidities,Stroke or TIA,usual_care,2715,292,10.8,10.755064456721914,0.0449355432780862,FALSE,NA,0
pronto_lrm_2026_s2213260025004333,Comorbidities,Dementia,pct,2738,253,9.2,9.240321402483564,0.0403214024835651,FALSE,NA,0
pronto_lrm_2026_s2213260025004333,Comorbidities,Dementia,usual_care,2715,266,9.8,9.79742173112339,0.0025782688766113,FALSE,NA,0
pronto_lrm_2026_s2213260025004333,Comorbidities,Physical Disability,pct,2738,249,9.1,9.094229364499634,0.0057706355003652,FALSE,NA,0
pronto_lrm_2026_s2213260025004333,Comorbidities,Physical Disability,usual_care,2715,239,8.8,8.802946593001842,0.002946593001841,FALSE,NA,0
pronto_lrm_2026_s2213260025004333,Comorbidities,Solid Tumour Malignancy,pct,2738,206,7.5,7.523739956172388,0.0237399561723883,FALSE,NA,0
pronto_lrm_2026_s2213260025004333,Comorbidities,Solid Tumour Malignancy,usual_care,2715,204,7.5,7.513812154696133,0.0138121546961329,FALSE,NA,0
pronto_lrm_2026_s2213260025004333,Comorbidities,Myocardial Infarction,pct,2738,180,6.6,6.574141709276844,0.0258582907231552,FALSE,NA,0
pronto_lrm_2026_s2213260025004333,Comorbidities,Myocardial Infarction,usual_care,2715,187,6.9,6.887661141804788,0.0123388581952124,FALSE,NA,0
pronto_lrm_2026_s2213260025004333,Comorbidities,Peripheral Vascular Disease,pct,2738,110,4,4.017531044558072,0.0175310445580718,FALSE,NA,0
pronto_lrm_2026_s2213260025004333,Comorbidities,Peripheral Vascular Disease,usual_care,2715,124,4.6,4.567219152854512,0.0327808471454877,FALSE,NA,0
pronto_lrm_2026_s2213260025004333,Comorbidities,Connective Tissue Disease,pct,2738,101,3.7,3.6888239590942296,0.0111760409057706,FALSE,NA,0
pronto_lrm_2026_s2213260025004333,Comorbidities,Connective Tissue Disease,usual_care,2715,88,3.2,3.241252302025783,0.0412523020257826,FALSE,NA,0
pronto_lrm_2026_s2213260025004333,Comorbidities,Liver Disease,pct,2738,75,2.7,2.739225712198685,0.0392257121986849,FALSE,NA,0
pronto_lrm_2026_s2213260025004333,Comorbidities,Liver Disease,usual_care,2715,64,2.4,2.3572744014732967,0.0427255985267032,FALSE,NA,0
pronto_lrm_2026_s2213260025004333,Comorbidities,Learning Disability,pct,2738,41,1.5,1.4974433893352812,0.0025566106647187,FALSE,NA,0
pronto_lrm_2026_s2213260025004333,Comorbidities,Learning Disability,usual_care,2715,41,1.5,1.5101289134438305,0.0101289134438304,FALSE,NA,0
pronto_lrm_2026_s2213260025004333,Comorbidities,Haematological malignancy,pct,2738,40,1.5,1.460920379839299,0.0390796201607013,FALSE,NA,0
pronto_lrm_2026_s2213260025004333,Comorbidities,Haematological malignancy,usual_care,2715,41,1.5,1.5101289134438305,0.0101289134438304,FALSE,NA,0
