study_id,source_pdf,page,text_id,url,url_type,context
lungtime,s41591-025-04181-w.pdf,1,1,https://doi.org/10.1038/s41591-025-04181-w,publication_identifier,Nature Medicine nature medicine https://doi.org/10.1038/s41591-025-04181-w Article Time-of-day immunochemotherapy in non-small cell lung cancer: a randomized phase 3 trial Retrospective studies suggest that early time-of-day (T o
lungtime,s41591-025-04181-w.pdf,2,2,https://doi.org/10.1038/s41591-025-04181-w,publication_identifier,"Nature Medicine Article https://doi.org/10.1038/s41591-025-04181-w Hospital between 23 September 2022 and 21 May 2024 (Fig. 1). Reasons for screening failure included active brain metastases (n = 7), concur- rent hormonal the"
lungtime,s41591-025-04181-w.pdf,3,3,https://doi.org/10.1038/s41591-025-04181-w,publication_identifier,"Nature Medicine Article https://doi.org/10.1038/s41591-025-04181-w metastases, PD-L1 TPS, ICI agent, LIPI score and T oD. Among these, only T oD and PD-L1 TPS were substantial predictors of both PFS and OS (Extended Data Fig"
lungtime,s41591-025-04181-w.pdf,4,4,https://doi.org/10.1038/s41591-025-04181-w,publication_identifier,Nature Medicine Article https://doi.org/10.1038/s41591-025-04181-w 0 6 18 3633302724211512930 10 20 30 40 50 60 70 80 90 100 Mo nth s Patients without disease progression or death (%) Ea rly To D g r o u p: m PFS 1 1. 3 m o n
lungtime,s41591-025-04181-w.pdf,5,5,https://doi.org/10.1038/s41591-025-04181-w,publication_identifier,Nature Medicine Article https://doi.org/10.1038/s41591-025-04181-w 0 3 6 9 12 15 18 21 24 27 30 33 36 0 10 20 30 40 50 60 70 80 90 100 Mo n th s P atients who s u r viv ed (%) P < 0.001 Number a t r is k Ea r ly To D gro u p
lungtime,s41591-025-04181-w.pdf,6,6,https://doi.org/10.1038/s41591-025-04181-w,publication_identifier,Nature Medicine Article https://doi.org/10.1038/s41591-025-04181-w multiple retrospective studies18- 21. Given that a substantial proportion of patients in the early T oD group remain on active treatment in the current trial
lungtime,s41591-025-04181-w.pdf,7,7,https://doi.org/10.1038/s41591-025-04181-w,publication_identifier,"Nature Medicine Article https://doi.org/10.1038/s41591-025-04181-w randomized phase 3 studies evaluated the role of adjuvant single-agent ICI in patients with resectable early-stage NSCLC, namely IMpower 010, KEYNOTE-091 and"
lungtime,s41591-025-04181-w.pdf,7,7,https://doi.org/10.1038/s41591-025-04181-w,publication_identifier,"ledgements, peer review information, details of author contri- butions and competing interests; and statements of data and code avail- ability are available at https://doi.org/10.1038/s41591-025-04181-w. References 1. Benjamin, D. J. et al. The role of chemotherapy plus immune checkpoint inhibitors in oncogenic-driven NSCLC: a University of California lung ca"
lungtime,s41591-025-04181-w.pdf,8,8,https://doi.org/10.1038/s41591-025-04181-w,publication_identifier,"Nature Medicine Article https://doi.org/10.1038/s41591-025-04181-w 15. Nomura, M. et al. Timing of the infusion of nivolumab for patients with recurrent or metastatic squamous cell carcinoma of the esophagus influences its e"
lungtime,s41591-025-04181-w.pdf,9,9,https://doi.org/10.1038/s41591-025-04181-w,publication_identifier,"Nature Medicine Article https://doi.org/10.1038/s41591-025-04181-w Methods Study design This prospective, randomized, single-center, open-label phase 3 trial (LungTIME-C01) was designed to compare survival outcomes between p"
lungtime,s41591-025-04181-w.pdf,9,9,https://clinicaltrials.gov/search?cond=Lung%20,preregistration_or_registry,"nrolled at Hunan Cancer Hospital between 22 September 2022 and 21 May 2024. The trial was registered on ClinicalTrials.gov on 22 September 2022 (NCT05549037, https://clinicaltrials.gov/search?cond=Lung%20 Cancer&term=NCT05549037) and conducted at Hunan Cancer Hospi- tal. All patients provided written informed consent before enrollment, including consent for pu"
lungtime,s41591-025-04181-w.pdf,10,10,https://doi.org/10.1038/s41591-025-04181-w,publication_identifier,"Nature Medicine Article https://doi.org/10.1038/s41591-025-04181-w For continuous variables following a normal distribution, results were presented as mean values with standard deviations or standard error of the mean and co"
lungtime,s41591-025-04181-w.pdf,10,10,https://github.com/therneau/survival)39,repository,"ards assumption for the Cox model was assessed using the Sch - oenfeld residuals test, implemented via the ‘cox.zph’ function in the survival package (v3.3.1, https://github.com/therneau/survival)39. A P value <0.05 was considered indicative of a violation of this assumption. Comparisons were conducted among patients with complete lymphocyte data at all t"
lungtime,s41591-025-04181-w.pdf,10,10,https://github.com/mike-lawrence/ez,repository,"to assess the impact of time point and T oD of immunotherapy on the ratios of lymphocyte subsets by using the ‘ezANOVA()’ function in the ez package (v4.4.0, https://github.com/mike-lawrence/ez). The P value for the main effect of the T oD group was reported. We compared slopes across T oD groups using the methods presented by Nekola and White. This"
lungtime,s41591-025-04181-w.pdf,10,10,https://cran.r-project.org/web/,other,"opes across T oD groups using the methods presented by Nekola and White. This analysis used the ‘diffslope()’ function from the simba package (version 0.3-5, https://cran.r-project.org/web/ packages/simba/) 40,41. Data processing, statistical analyses and figure generation were performed using SPSS (v27.0.1.0; https://www.ibm.com/spss), Graph Pa"
lungtime,s41591-025-04181-w.pdf,10,10,https://www.ibm.com/spss,other,"3-5, https://cran.r-project.org/web/ packages/simba/) 40,41. Data processing, statistical analyses and figure generation were performed using SPSS (v27.0.1.0; https://www.ibm.com/spss), Graph Pad Prism (v9.5.1; https://www.graphpad.com/) and R (v4.0.3; http:// www.R-project.org/). Reporting summary Further information on research design is a"
lungtime,s41591-025-04181-w.pdf,10,10,https://www.graphpad.com/,other,"40,41. Data processing, statistical analyses and figure generation were performed using SPSS (v27.0.1.0; https://www.ibm.com/spss), Graph Pad Prism (v9.5.1; https://www.graphpad.com/) and R (v4.0.3; http:// www.R-project.org/). Reporting summary Further information on research design is available in the Nature Portfolio Reporting Summary l"
lungtime,s41591-025-04181-w.pdf,10,10,https://doi.org/10.1038/s41591-025-04181-w,publication_identifier,d the current manuscript. Competing interests The authors declare no competing interests. Additional information Extended data is available for this paper at https://doi.org/10.1038/s41591-025-04181-w. Supplementary information The online version contains supplementary material available at https://doi.org/10.1038/s41591-025-04181-w. Correspondence and reque
lungtime,s41591-025-04181-w.pdf,10,10,https://doi.org/10.1038/s41591-025-04181-w,publication_identifier,"able for this paper at https://doi.org/10.1038/s41591-025-04181-w. Supplementary information The online version contains supplementary material available at https://doi.org/10.1038/s41591-025-04181-w. Correspondence and requests for materials should be addressed to Tony Mok, Christoph Scheiermann, Francis Lévi, Nong Yang or Yongchang Zhang. Peer review inf"
lungtime,s41591-025-04181-w.pdf,11,11,https://doi.org/10.1038/s41591-025-04181-w,publication_identifier,Nature Medicine Article https://doi.org/10.1038/s41591-025-04181-w Early ToD group Late ToD group ToD group A B 7:00 8:00 9:00 10:00 11:00 12:00 13:00 14:00 15:00 16:00 17:00 18:00 19:00 20:00 21:00 0 30 60 90 120 150 180 210
lungtime,s41591-025-04181-w.pdf,12,12,https://doi.org/10.1038/s41591-025-04181-w,publication_identifier,Nature Medicine Article https://doi.org/10.1038/s41591-025-04181-w Characteristics ToD group Total (N) Sex HR (95% CI) Univariate analysis Age Smoking history ECOG PS Histology Brain metastasis Liver metastasis PD-L1 TPS ICIs
lungtime,s41591-025-04181-w.pdf,13,13,https://doi.org/10.1038/s41591-025-04181-w,publication_identifier,Nature Medicine Article https://doi.org/10.1038/s41591-025-04181-w Extended Data Fig. 2 | Univariate and multivariate Cox regression analyses of patient characteristics. (a) Forest plots of the univariate and multivariate Cox
lungtime,s41591-025-04181-w.pdf,14,14,https://doi.org/10.1038/s41591-025-04181-w,publication_identifier,Nature Medicine Article https://doi.org/10.1038/s41591-025-04181-w 0 10 20 30 40 50 60 70 80 90 100 110 PR SD PD P = 0.046 n = 73 n = 31 n = 40 n = 59 Early ToD group Late ToD group Percent (%) n = 1 n = 6 Response Extended Da
lungtime,s41591-025-04181-w.pdf,15,15,https://doi.org/10.1038/s41591-025-04181-w,publication_identifier,Nature Medicine Article https://doi.org/10.1038/s41591-025-04181-w B Ratio of percentage (% in PBMC) I CD8+ /CD4+ T cells 0.5 1.0 1.5 2.0 Ratio of percentage (% in PBMC) CD8+ T cells 0.6 0.8 1.0 1.2Ratio of percentage (% in PB
lungtime,s41591-025-04181-w.pdf,16,16,https://doi.org/10.1038/s41591-025-04181-w,publication_identifier,Nature Medicine Article https://doi.org/10.1038/s41591-025-04181-w E CD38+ HLA-DR+ /TIM-3+ PD-1+ CD8+ T cells C CD38+ HLA-DR+ CD8+ T cells Ratio of percentage (% in CD8+ T cells) D TIM-3+ PD-1+ CD8+ T cells Ratio of percentage
lungtime,s41591-025-04181-w.pdf,17,17,https://doi.org/10.1038/s41591-025-04181-w,publication_identifier,"Nature Medicine Article https://doi.org/10.1038/s41591-025-04181-w Extended Data Table 1 | Information about the clinical trial Early ToD group Late ToD group Enrollment time (year, month) 2022.9 - 2024.5 Duration of foll"
lungtime,s41591-025-04181-w.pdf,18,18,https://doi.org/10.1038/s41591-025-04181-w,publication_identifier,"Nature Medicine Article https://doi.org/10.1038/s41591-025-04181-w Extended Data Table 2 | Treatment-related adverse events during all treatments Any grade Grade 3-4 Early ToD group (n, %) Late ToD group (n, %) Early"
lungtime,s41591-025-04181-w.pdf,19,19,https://doi.org/10.1038/s41591-025-04181-w,publication_identifier,"Nature Medicine Article https://doi.org/10.1038/s41591-025-04181-w Extended Data Table 3 | Immune-related adverse events during all treatments Any grade Grade 3-4 Early ToD group (n, %) Late ToD group (n, %) Early To"
lungtime,s41591-025-04181-w.pdf,20,20,https://doi.org/10.1038/s41591-025-04181-w,publication_identifier,Nature Medicine Article https://doi.org/10.1038/s41591-025-04181-w Extended Data Table 4 | Baseline demographics and disease characteristics of patients included in the flow cytometry analysis by study group Characteristics
lungtime,41591_2025_4181_MOESM1_ESM.pdf,1,26,https://doi.org/10.1038/s41591-025-04181-w,publication_identifier,nature medicine https://doi.org/10.1038/s41591-025-04181-w Article Time-of-day immunochemotherapy in nonsmall cell lung cancer: a randomized phase 3 trial In the format provided by the authors and unedited Supplemen
